{
  "accuracy": [
    0.3190697729587555,
    0.37023255228996277,
    0.3804651200771332,
    0.35627907514572144,
    0.3786046504974365,
    0.3813953399658203,
    0.42139536142349243,
    0.46046510338783264,
    0.507906973361969,
    0.5302325487136841,
    0.5497674345970154,
    0.5860465168952942,
    0.6037209033966064,
    0.6009302139282227,
    0.6279069781303406,
    0.6241860389709473,
    0.638139545917511,
    0.6362790465354919,
    0.6446511745452881,
    0.6548837423324585,
    0.6567441821098328,
    0.6744186282157898,
    0.653953492641449,
    0.6865116357803345,
    0.6660465002059937,
    0.6744186282157898,
    0.6558139324188232,
    0.6734883785247803,
    0.6986046433448792,
    0.7051162719726562,
    0.6967442035675049,
    0.6948837041854858,
    0.6995348930358887,
    0.6939535140991211,
    0.6976743936538696,
    0.7153488397598267,
    0.7069767713546753,
    0.7088372111320496,
    0.7134883999824524,
    0.7274418473243713,
    0.7218604683876038,
    0.7181395292282104,
    0.7134883999824524,
    0.7293023467063904,
    0.7497674226760864,
    0.7265116572380066,
    0.7302325367927551,
    0.7432557940483093,
    0.7283720970153809,
    0.7339534759521484
  ],
  "loss": [
    1.872678518295288,
    1.6745761632919312,
    1.5258009433746338,
    1.477073073387146,
    1.4258170127868652,
    1.370285987854004,
    1.3016096353530884,
    1.219625473022461,
    1.175423264503479,
    1.128767728805542,
    1.0787715911865234,
    1.0399383306503296,
    0.9852734208106995,
    0.9742786884307861,
    0.9055885672569275,
    0.9173895716667175,
    0.890753448009491,
    0.8459116816520691,
    0.8237643241882324,
    0.824817419052124,
    0.8115614652633667,
    0.7975519895553589,
    0.8347992897033691,
    0.754176139831543,
    0.7810216546058655,
    0.7498418092727661,
    0.7753061652183533,
    0.7483038306236267,
    0.7289654016494751,
    0.7260249853134155,
    0.723080575466156,
    0.7098516225814819,
    0.7079173922538757,
    0.7199360132217407,
    0.6840027570724487,
    0.6994844675064087,
    0.680154025554657,
    0.7116032242774963,
    0.6752947568893433,
    0.6606501936912537,
    0.6405248045921326,
    0.6714807748794556,
    0.6397521495819092,
    0.6504594087600708,
    0.5930390357971191,
    0.6495621800422668,
    0.6293094754219055,
    0.5926902890205383,
    0.6642179489135742,
    0.6015316843986511
  ],
  "val_accuracy": [
    0.35606059432029724,
    0.4280303120613098,
    0.4015151560306549,
    0.4431818127632141,
    0.4545454680919647,
    0.4545454680919647,
    0.5,
    0.6136363744735718,
    0.6363636255264282,
    0.6287878751754761,
    0.75,
    0.7272727489471436,
    0.685606062412262,
    0.7878788113594055,
    0.7462121248245239,
    0.7916666865348816,
    0.8030303120613098,
    0.7954545617103577,
    0.8295454382896423,
    0.7840909361839294,
    0.7954545617103577,
    0.875,
    0.8636363744735718,
    0.7878788113594055,
    0.8787878751754761,
    0.8295454382896423,
    0.8409090638160706,
    0.9015151262283325,
    0.8712121248245239,
    0.8712121248245239,
    0.9053030014038086,
    0.8863636255264282,
    0.9090909361839294,
    0.9128788113594055,
    0.8977272510528564,
    0.9090909361839294,
    0.9166666865348816,
    0.8901515007019043,
    0.8863636255264282,
    0.9128788113594055,
    0.8901515007019043,
    0.9166666865348816,
    0.875,
    0.8825757503509521,
    0.9242424368858337,
    0.9053030014038086,
    0.9053030014038086,
    0.8863636255264282,
    0.9053030014038086,
    0.9128788113594055
  ],
  "val_loss": [
    1.829294204711914,
    1.547281265258789,
    1.4114186763763428,
    1.3931366205215454,
    1.2984137535095215,
    1.215702772140503,
    1.1529390811920166,
    1.0306075811386108,
    0.931744396686554,
    0.8317577242851257,
    0.6935073137283325,
    0.7499552369117737,
    0.7484955191612244,
    0.6208306550979614,
    0.6741514205932617,
    0.6391372680664062,
    0.5810292959213257,
    0.5612538456916809,
    0.6045022010803223,
    0.5880025029182434,
    0.5616703629493713,
    0.4835664629936218,
    0.49077463150024414,
    0.502717137336731,
    0.478425532579422,
    0.43564778566360474,
    0.4759748876094818,
    0.42754530906677246,
    0.45905807614326477,
    0.5028183460235596,
    0.4507089853286743,
    0.4456586241722107,
    0.38882648944854736,
    0.38390493392944336,
    0.3909395933151245,
    0.338959664106369,
    0.377951443195343,
    0.43699681758880615,
    0.3729228675365448,
    0.3736335337162018,
    0.36120760440826416,
    0.36058560013771057,
    0.37149304151535034,
    0.39546915888786316,
    0.3300188481807709,
    0.34087297320365906,
    0.30816829204559326,
    0.3465977609157562,
    0.35347214341163635,
    0.34562960267066956
  ]
}