{
  "learning_rate": 0.0001,
  "augmentation": "mild",
  "model_size": "current",
  "label_smoothing": 0.05,
  "experiment_name": "stage_learning_rate",
  "config_name": "lr_0p0001__aug_mild__model_current__ls_0p05",
  "mean_val_accuracy": 0.946607149147603,
  "std_val_accuracy": 0.07199665452121089,
  "mean_val_macro_f1_present_classes": 0.9434481287836539,
  "std_val_macro_f1_present_classes": 0.07538798911739682,
  "mean_val_macro_f1_all_classes": 0.8963786581508456,
  "std_val_macro_f1_all_classes": 0.07729202376750763,
  "overall_pooled_accuracy": 0.9357729648991785,
  "overall_pooled_macro_f1": 0.9350929291095565,
  "median_best_epoch": 16,
  "mean_best_epoch": 16.666666666666668
}