learning_rate,augmentation,model_size,label_smoothing,experiment_name,config_name,mean_val_accuracy,std_val_accuracy,mean_val_macro_f1_present_classes,std_val_macro_f1_present_classes,mean_val_macro_f1_all_classes,std_val_macro_f1_all_classes,overall_pooled_accuracy,overall_pooled_macro_f1,median_best_epoch,mean_best_epoch
0.0005,none,current,0.05,stage_augmentation,lr_0p0005__aug_none__model_current__ls_0p05,0.9902108605698737,0.0070811180971472095,0.9904681694695535,0.007162698304091886,0.9429363362234345,0.07570401272872126,0.9887976101568334,0.9886604807467414,19,18.0
0.0005,mild,current,0.05,stage_augmentation,lr_0p0005__aug_mild__model_current__ls_0p05,0.9844038180477299,0.021839100878792886,0.9841864126847598,0.0243905613156129,0.9366545794386408,0.07334127439282158,0.9813293502613891,0.9820923770037168,16,14.666666666666666
0.0005,medium,current,0.05,stage_augmentation,lr_0p0005__aug_medium__model_current__ls_0p05,0.9866303869582635,0.011750955370092436,0.9861531585731392,0.012816074087858577,0.9386213253270203,0.07231005404582252,0.9843166542195668,0.9836601354704276,14,17.0
