learning_rate,augmentation,model_size,label_smoothing,experiment_name,config_name,mean_val_accuracy,std_val_accuracy,mean_val_macro_f1_present_classes,std_val_macro_f1_present_classes,mean_val_macro_f1_all_classes,std_val_macro_f1_all_classes,overall_pooled_accuracy,overall_pooled_macro_f1,median_best_epoch,mean_best_epoch
0.0005,none,small,0.05,stage_model_size,lr_0p0005__aug_none__model_small__ls_0p05,0.9660124567186887,0.023113824467096106,0.965542830814825,0.02353328897139911,0.9191434234958772,0.07603526148725553,0.9634055265123226,0.9631930480464076,14,14.333333333333334
0.0005,none,current,0.05,stage_model_size,lr_0p0005__aug_none__model_current__ls_0p05,0.9902108605698737,0.0070811180971472095,0.9904681694695535,0.007162698304091886,0.9429363362234345,0.07570401272872126,0.9887976101568334,0.9886604807467414,19,18.0
0.0005,none,compact,0.05,stage_model_size,lr_0p0005__aug_none__model_compact__ls_0p05,0.983479926844554,0.013343985916928923,0.9841155309103717,0.014370304362423666,0.9367770036956001,0.07422988376044222,0.9813293502613891,0.9820337900740628,22,23.0
